{"val_loss": [0.5230664938688279, 0.48931308686733244, 0.5677975237369537, 0.49644143879413605, 0.4780799955129623, 0.4856859713792801, 0.5455517753958702, 0.4778600960969925, 0.5048292428255081, 0.5781522825360298], "val_acc": [0.725, 0.7499999940395355, 0.725, 0.775, 0.8083333253860474, 0.7833333253860474, 0.75, 0.7833333313465118, 0.7833333253860474, 0.7416666746139526], "loss": [0.7857087667911283, 0.5659508811749094, 0.5395438419124945, 0.532635393666058, 0.5024455204242613, 0.5000915609724154, 0.5190761532725358, 0.5018440998666654, 0.5134165975136485, 0.487689725509504], "acc": [0.6441532258064516, 0.7190040650406504, 0.7362804878048781, 0.7439024390243902, 0.7601626016260162, 0.7703252032520326, 0.7505081300813008, 0.7637195121951219, 0.7698170731707317, 0.7809959349593496]}